date_ajout,statut,titre,quartier,adresse,prix,superficie_pi2,chambres,balcon,station_metro,ligne_metro,minutes_a_pied,site,lien,score,notes,photo
2026-07-18,NOUVEAU,"3 chambres + bureau, meublé, 1 mois gratuit - Hochelaga, près métro Préfontaine",Hochelaga-Maisonneuve,"n/d (Rue Hogan, Montréal, QC H2K 2T4)",2000,1000,3,oui,Préfontaine ou Frontenac (à vérifier),verte,9,Kijiji,https://www.kijiji.ca/v-apartments-condos/ville-de-montreal/3-bedrooms/1739807209,9,"1 mois gratuit, meublé, animaux non admis",https://media.kijiji.ca/api/v1/ca-prod-fsbo-ads/images/da/da7beded-654c-404a-b143-bda5b0555644?rule=kijijica-960-jpg
2026-07-18,NOUVEAU,"Grand logement 6½ tout rénové, 1350 pi², 2 balcons - coeur de Villeray, à 1 min du métro Jarry",Villeray,"n/d (Montréal, QC H2P 2K6)",2175,1350,4,oui,Jarry,orange,1,Kijiji,https://www.kijiji.ca/v-apartments-condos/ville-de-montreal/grand-logement-6-1-2-au-coeur-de-villeray-tout-renove/1738688321,9,"Rénové, climatisation, laveuse-sécheuse incluse, dispo 15 juin 2026",https://media.kijiji.ca/api/v1/ca-prod-fsbo-ads/images/d0/d043ccd7-f8fc-4b34-97cc-d3dbf9d62374?rule=kijijica-960-jpg
2026-07-18,NOUVEAU,"Grand 4½ meublé, 2 chambres, à 5 min du métro Préfontaine - Hochelaga",Hochelaga-Maisonneuve,"n/d (Rue Dézéry, Montréal, QC H1W 2S2)",2250,946,2,oui,Préfontaine,verte,5,Kijiji,https://www.kijiji.ca/v-apartments-condos/ville-de-montreal/grand-4-meuble-metro-prefontaine-bail-6-mois/1739936806,8,"Meublé, bail 6 mois possible, animaux limités",https://media.kijiji.ca/api/v1/ca-prod-fsbo-ads/images/27/2737d02c-077a-47e2-8476-d57ae185048f?rule=kijijica-960-jpg
2026-07-18,NOUVEAU,"Appartement 6½, 2 balcons, stationnement inclus - rue Saint-Denis (Villeray)",Villeray,"8188 Rue Saint-Denis, Montréal, QC H2P 2G6",2155,1000,4,oui,Jarry,orange,5,Kijiji,https://www.kijiji.ca/v-apartments-condos/ville-de-montreal/appartement-6-1-2/1738696107,8,"Reprise de bail, stationnement inclus",https://media.kijiji.ca/api/v1/ca-prod-fsbo-ads/images/ba/bac95678-e0f1-49cb-85a0-042eb0c644ce?rule=kijijica-960-jpg
2026-07-18,NOUVEAU,"2 chambres meublé, grande terrasse 1500 pi² - près métro Fabre (Villeray)",Villeray,"2110 Rue Tillemont, Montréal, QC H2E 1E3",1950,1500,2,oui (grande terrasse ~25x30 pi),Fabre,orange,5,Kijiji,https://www.kijiji.ca/v-apartments-condos/ville-de-montreal/2-chambre-metro-fabre/1738179989,8,"Meublé, laveuse-sécheuse, dispo 31 mai 2026",https://media.kijiji.ca/api/v1/ca-prod-fsbo-ads/images/e8/e837ddc1-807c-40ac-9da3-f5fabd7ec855?rule=kijijica-960-jpg
2026-07-18,NOUVEAU,"5½ rénové 1000 pi², eau incluse - La Petite-Patrie, près métro Fabre",La Petite-Patrie,"n/d (Montréal, QC H2G 2Y9)",2400,1000,3,oui,Fabre,orange,5,Kijiji,https://www.kijiji.ca/v-apartments-condos/ville-de-montreal/a-louer-5-1-2/1740736227,8,"Eau incluse, climatisation, rénové, prix à la limite haute du budget",https://media.kijiji.ca/api/v1/ca-prod-fsbo-ads/images/15/15c8766b-815b-40bf-b836-c2b5c5168deb?rule=kijijica-960-jpg
2026-07-18,NOUVEAU,"Beau 6½, 2 balcons, 900 pi² - La Petite-Patrie, près métro Beaubien",La Petite-Patrie,"n/d (Montréal, QC H2S 2P5, secteur Plaza St-Hubert)",2115,900,3,oui (2 balcons),Beaubien,orange,4,Kijiji,https://www.kijiji.ca/v-apartments-condos/ville-de-montreal/beau-6-1-2-a-louer-dans-petite-patrie-pres-du-metro-beaubien/1740568244,8,"Dispo 1er sept 2026, eau incluse, partiellement meublé, proche Plaza St-Hubert",https://media.kijiji.ca/api/v1/ca-prod-fsbo-ads/images/60/60dcd8d4-6793-4105-ac1b-3f8753756a3c?rule=kijijica-960-jpg
2026-07-18,NOUVEAU,"Condo de coin meublé, 2 chambres, vue sur parc - Rosemont/Angus, près métro Joliette",Rosemont-La Petite-Patrie,"n/d (secteur Angus, Montréal, QC H1X 3J4, près rue Bélanger)",2050,1000,2,"oui (privé, vue sur parc)",Joliette,verte,10,Kijiji,https://www.kijiji.ca/v-apartments-condos/ville-de-montreal/2-050-mois-condo-de-coin-meuble-de-2-chambres-rosemont-ang/1740664802,8,"Meublé, dispo 10 août 2026, chats acceptés",https://media.kijiji.ca/api/v1/ca-prod-fsbo-ads/images/cb/cb9f1258-ed1f-4e2f-abee-c7c7c2e85b60?rule=kijijica-960-jpg
2026-07-18,NOUVEAU,"4½ tout compris, 2 balcons, ~1184 pi² - Plateau (Marie-Anne/De La Roche)",Le Plateau-Mont-Royal,"n/d (secteur Marie-Anne / De La Roche, Montréal, QC H2J 3J2)",2300,1184,2,oui (2 balcons),Mont-Royal,orange,10,Kijiji,https://www.kijiji.ca/v-apartments-condos/ville-de-montreal/1er-octobre-4-1-2-tout-comprit-a-louer-sur-le-plateau-mont-royal/1740707852,8,"Tout inclus (chauffage, hydro, eau), meublé, dispo 1er oct 2026",https://media.kijiji.ca/api/v1/ca-prod-fsbo-ads/images/fe/fe47e774-774a-42ad-8e56-86170263508b?rule=kijijica-960-jpg
2026-07-18,NOUVEAU,"2BR condo 4½ prêt à emménager, balcons avant/arrière - Plateau (Saint-Louis)",Le Plateau-Mont-Royal,"n/d (secteur Saint-Louis, Montréal, QC H2X 2Y4)",2400,1000,2,oui (avant et arrière),Sherbrooke,verte,7,Kijiji,https://www.kijiji.ca/v-apartments-condos/ville-de-montreal/2br-plateau-condo-4-1-2-move-in-ready/1733616523,8,"Non meublé, eau incluse, aucun animal, Walk Score 99, prix à la limite haute du budget",https://media.kijiji.ca/api/v1/ca-prod-fsbo-ads/images/b8/b82d1714-bac1-4fea-83df-1e7a4854d51c?rule=kijijica-960-jpg
2026-07-18,NOUVEAU,"6½ lumineux, 2 chambres + bureau, 1125 pi² - rue Chambord (Rosemont), près métro Beaubien",Rosemont-La Petite-Patrie,"6565 Rue Chambord, Montréal",2400,1125,2,oui (avant et arrière),Beaubien,orange,10 (estimé),DuProprio,https://duproprio.com/fr/location/montreal/rosemont-la-petite-patrie/6-1-2-a-louer/hab-6565-chambord-1132276,8,"3e étage d'un triplex, dispo immédiatement (1er juillet), non-fumeurs, pas d'animaux, prix à la limite haute du budget",https://photos.duproprio.com/photos/public/for_rent/202605/1132276/6-1-2-rosemont-petite-patrie-600-15660148.jpg
2026-07-18,NOUVEAU,"Cession de bail - Grand 4½ meublé, dispo 1er sept - Villeray",Villeray,"n/d (secteur parc Jarry, Montréal, QC H2R 2P8)",1930,1000,2,oui,Jarry,orange,10,Kijiji,https://www.kijiji.ca/v-apartments-condos/ville-de-montreal/cession-de-bail-grand-4-meuble-a-villeray-dispo-1e-sept/1740575992,7,"Meublé, internet + hydro + 1 stationnement inclus, dispo 1er sept 2026",https://media.kijiji.ca/api/v1/ca-prod-fsbo-ads/images/22/22a45f05-2998-4446-94bf-040ee3e94cff?rule=kijijica-960-jpg
2026-07-18,NOUVEAU,"2 chambres meublé, chauffage/eau/hydro inclus - Villeray, près métro Jean-Talon",Villeray,"n/d (secteur parc Jarry, Montréal, QC H2R 2P8)",2200,1000,2,oui,Jean-Talon,orange,5,Kijiji,https://www.kijiji.ca/v-apartments-condos/ville-de-montreal/2-beds-1-bath-flat/1739031958,7,"Chauffage, eau et hydro inclus, bail 1 an",https://media.kijiji.ca/api/v1/ca-prod-fsbo-ads/images/8e/8e90b51e-590e-45cb-9d6d-155aaf096480?rule=kijijica-960-jpg
2026-07-18,NOUVEAU,"5½ reprise de bail, walk-in/bureau, balcon arrière - rue Saint-Denis (Villeray)",Villeray,"n/d (Rue Saint-Denis, Montréal, QC H2R 2E5)",2050,918,2,oui (arrière),Jean-Talon,orange,5,Kijiji,https://www.kijiji.ca/v-apartments-condos/ville-de-montreal/51-2-reprise-de-bail-1er-juillet/1737970220,7,"Chats acceptés, non meublé, walk-in/bureau additionnel",https://media.kijiji.ca/api/v1/ca-prod-fsbo-ads/images/87/870993c9-a899-49c5-b996-e9103fef0cc7?rule=kijijica-960-jpg
2026-07-18,NOUVEAU,"Condo 2 chambres construit 2012, option tout inclus - Rosemont/La Petite-Patrie",Rosemont-La Petite-Patrie,"3320 Rue Dandurand, Montréal, QC H1X 1M6",1950,900,2,oui,Rosemont,orange,7,Kijiji,https://www.kijiji.ca/v-apartments-condos/ville-de-montreal/condo-2-chambres-2012-rosemont-petite-patrie-option-tout-iclus/1740633223,7,"Dispo 1er août 2026, option tout inclus (hydro, wifi), meublé",https://media.kijiji.ca/api/v1/ca-prod-fsbo-ads/images/eb/eb078bfc-6406-4c44-aaea-a47152705a1b?rule=kijijica-960-jpg
2026-07-18,NOUVEAU,"Condo 4½ clé en main, 2 balcons privés - Plateau/Mile-End",Le Plateau-Mont-Royal,"5350 Rue Drolet, Montréal, QC H2T 2H4",1995,950,2,oui (2 balcons privés),Laurier ou Rosemont (à vérifier),orange,6,Kijiji,https://www.kijiji.ca/v-apartments-condos/ville-de-montreal/superbe-condo-4-cle-en-main-plateau-mile-end/1740380612,7,"Électros fournis, thermopompe, dispo 15 juillet 2026",https://media.kijiji.ca/api/v1/ca-prod-dealer-ads/images/f1/f1713eb8-b958-4345-9866-6f8f019186e1?rule=kijijica-960-jpg
2026-07-17,vu,"Joli 7½ (3 chambres), terrasse et cour - à 5 min du métro Joliette (Hochelaga)",Hochelaga-Maisonneuve,"n/d (Montréal, QC H1W 3C5)",2200,1200,3,oui,Joliette,verte,5,Kijiji,https://www.kijiji.ca/v-apartments-condos/ville-de-montreal/joli-7-lumineux-avec-terrasse-et-cour-a-5-min-metro-joliette/1740607211,10,"Rez-de-chaussée avec étage, balcon + grande terrasse arrière et cabanon, 1 stationnement inclus, lave-vaisselle et laveuse-sécheuse inclus, meubles disponibles au besoin, animaux acceptés sous conditions, bail au mois possible, dispo 1er août 2026",https://media.kijiji.ca/api/v1/ca-prod-fsbo-ads/images/51/51601618-bdf1-4776-88b2-c87738ad33ef?rule=kijijica-960-jpg
2026-07-15,vu,5 1/2 rénové 3 chambres près métro Joliette (cession de bail),Hochelaga-Maisonneuve,Près du parc Lalancette (adresse exacte n/d),2245,1100,3,oui,Joliette,verte,5,Marketplace,https://www.facebook.com/marketplace/item/1611452633675447,10,"Cession de bail. 1100 pi2 rénové, 3 grandes chambres fermées avec garde-robe dont une avec balcon, second balcon sur cour, locker au sous-sol, chauffage/eau chaude/wifi inclus. 5 min à pied du métro Joliette selon la fiche, dispo 1er août. Lien Facebook (connexion requise)",https://scontent-yyz1-1.xx.fbcdn.net/v/t39.30808-6/744782828_2425425677956674_6748123711102009567_n.jpg?stp=c0.123.1290.1290a_dst-jpg_tt6&cstp=mx1290x1290&ctp=s565x565&_nc_cat=106&ccb=1-7&_nc_sid=454cf4&_nc_ohc=QyFHGQtYXmAQ7kNvwGAvYTo&_nc_oc=Adq0n0QGekjLictcQqyNCD5OWzTZP-ByT68TnmMdUFrBRe8Gta7m-AQEhavEJDocpUc&_nc_zt=23&_nc_ht=scontent-yyz1-1.xx&_nc_gid=yYLPvMa76LbSuFVLINSV0A&_nc_ss=7f2a8&oh=00_AQDVDHWYGsY5IWfgFMiwv6A_Kyu3om9l3ovYSoj1ta0YRw&oe=6A5D72BA
2026-07-17,vu,"5½ (3 chambres fermées), 1100 pi² - Plateau-Mont-Royal",Le Plateau-Mont-Royal,"3984, rue De Bullion, Montréal (H2W 2E4)",2275,1100,3,oui,Sherbrooke ou Mont-Royal (à vérifier),orange,10,Kijiji,https://www.kijiji.ca/v-apartments-condos/ville-de-montreal/5-1-2-au-plateau-three-3-bedroom-apartment-in-plateau/1740633307,9,"Chauffage électrique non inclus, animaux acceptés, planchers bois franc, électroménagers inclus, dispo 1er août 2026 (bail 1 an)",https://media.kijiji.ca/api/v1/ca-prod-fsbo-ads/images/64/64cccc9c-2b44-43ab-bc78-5ef6a4df00f6?rule=kijijica-960-jpg
2026-07-17,vu,"Grand 6½ (3 chambres), 2 balcons, à 3 min du métro Jarry - Villeray",Villeray,"n/d (Montréal, QC H2R 2E8, 2e étage)",2400,1250,3,oui,Jarry,orange,3,Kijiji,https://www.kijiji.ca/v-apartments-condos/ville-de-montreal/grand-6-1-2-villeray-metro-jarry/1740626046,9,"Dispo 1er août 2026, non-fumeur, animaux non permis, lave-vaisselle/frigo inclus, laveuse-sécheuse dans l'unité, prix à la limite haute du budget",https://media.kijiji.ca/api/v1/ca-prod-fsbo-ads/images/46/46364391-a0b3-4fdb-9a03-1b6d1cac4468?rule=kijijica-960-jpg
2026-07-16,vu,"Grand 5½ 3 chambres fermées, balcon avant/arrière - près métro Fabre (Villeray)",Villeray,"Villeray (adresse exacte n/d), Montréal",2395,1200,3,oui,Fabre,bleue,10 (estimé),Kijiji,https://www.kijiji.ca/v-apartments-condos/ville-de-montreal/grand-5-3cac-metro-fabre-villeray-rosemont/1739951076,9,"6-plex, climatisation, sécurité 24h/concierge, stationnement vélo, station BIXI proche, chats acceptés seulement, non-fumeur, dispo 1er juillet 2026, chauffage non inclus",https://media.kijiji.ca/api/v1/ca-prod-fsbo-ads/images/2a/2a8f9aa3-ccb1-4d96-b244-4a697637e49c?rule=kijijica-960-jpg
2026-07-15,vu,"Grand 6 1/2 rénové, terrasse privée – Villeray, près métro Crémazie",Villeray,"n/d (Montréal, QC H2P 2G9, secteur parc Jarry)",2035,1250,4,oui,Crémazie,orange,3,Kijiji,https://www.kijiji.ca/v-apartments-condos/ville-de-montreal/a-louer:-appartement-6-1-2-dans-villeray/1738327789,9,"Grande terrasse privée arrière + balcons avant/arrière, cuisine et salle de bain rénovées (douche romaine, puits de lumière), 4 électros + lave-vaisselle inclus, chauffage et eau chaude inclus (160$/mois fixe), piste cyclable devant, dispo 1er juillet 2026, bail 1 an",https://media.kijiji.ca/api/v1/ca-prod-fsbo-ads/images/c3/c339486c-6795-4d47-bcc5-625d60d299a0?rule=kpetroleumica-640-webp
2026-07-12,vu,6 et demi avec cour arrière privative - Villeray - 1er juillet!,Villeray,"8413 rue Saint-Hubert, Montréal, QC H2P 1Z6",1950,1200,3,oui,Jarry,orange,10,Kijiji,https://www.kijiji.ca/v-apartments-condos/ville-de-montreal/6-et-demi-avec-cour-arriere-privative-villeray-1er-juillet/1734943312,9,"Dispo 1er juillet 2026, prix promo 12 mois (régulier 2050$), RDC + sous-sol aménagé, cour arrière privée, lave-vaisselle inclus, option 4 électros +100$/mois, 1 chat ou petit chien accepté",https://media.kijiji.ca/api/v1/ca-prod-dealer-ads/images/8a/8a62cfb1-09e6-4e8b-bc96-fe68a77e35b2?rule=kijijica-960-jpg
2026-07-12,vu,Beau 6 1/2 ensoleillé - proche metro - Hochelaga,Hochelaga-Maisonneuve,"Montréal, QC H1W 1M3",2100,900,4,oui,Joliette,verte,2,Kijiji,https://www.kijiji.ca/v-apartments-condos/ville-de-montreal/beau-6-1-2-ensoleille-proche-metro-hochelaga/1738000997,9,"Dispo 1er juin 2026, eau incluse, 4 électros inclus (frigo cuisinière laveuse sécheuse), 2e étage, plafonds hauts, animaux limités, près Promenade Ontario",https://media.kijiji.ca/api/v1/ca-prod-fsbo-ads/images/77/77a71464-4b91-4435-bf29-e86a1a84a6a8?rule=kijijica-960-jpg
2026-07-15,vu,"5 1/2 balcon, 3 chambres – Rosemont (14e Avenue / Masson)",Rosemont-La Petite-Patrie,"n/d (Montréal, QC H1X 2W2, secteur 14e Avenue/Masson)",2250,1100,3,oui,Beaubien,orange,11,Kijiji,https://www.kijiji.ca/v-apartments-condos/ville-de-montreal/3-beds-2-baths-apartment/1740599440,9,"Unité au rez-de-chaussée d'un duplex/triplex, salon-solarium lumineux, cour arrière privée, garage intérieur + stationnement extérieur, climatisation, pas d'animaux, dispo 1er août 2026",https://media.kijiji.ca/api/v1/ca-prod-dealer-ads/images/69/69d4ef7d-f6c5-401d-a2f8-9ca904eb6639?rule=kijijica-960-jpg
2026-07-17,vu,"6½ lumineux, 3 chambres fermées, rénové et équipé - Rosemont",Rosemont-La Petite-Patrie,"5838, avenue Louis-Hébert, Montréal",2100,1000,3,oui,Rosemont ou Beaubien (à vérifier),orange,n/d,Kijiji,https://www.kijiji.ca/v-apartments-condos/ville-de-montreal/6-lumineux-3-ch-fermees-renove-equipe-rosemont/1740407731,8,"Sous-location jusqu'au 31 juillet 2027, dispo 11 juillet 2026, 2 thermopompes (chauffage/clim), électroménagers neufs, animaux limités",https://media.kijiji.ca/api/v1/ca-prod-fsbo-ads/images/55/5508505f-2676-403c-a0ef-0ff508313938?rule=kijijica-960-jpg
2026-07-16,vu,"5½ rénové (2 chambres + bureau fermé), balcon arrière - rue Saint-Denis (Villeray)",Villeray,"8360 Rue Saint-Denis, Montréal",2200,1100,2,oui,Jarry,orange,2 (estimé),DuProprio,https://duproprio.com/fr/location/montreal/villeray-st-michel-parc-extension/5-1-2-a-louer/hab-8360-st-denis-1132893,8,"Entièrement rénové 2024, électroménagers haut de gamme, walk-in, porte-patio, balcon arrière sur ruelle tranquille, dispo 1er sept. 2026, 2e étage",https://photos.duproprio.com/photos/public/for_rent/202605/1132893/5-1-2-villeray-st-michel-parc-extension-600-15673596.jpg
2026-07-16,vu,"3 chambres, 1000 pi², 2 balcons - rue de Bellechasse (Rosemont)",Rosemont-La Petite-Patrie,"4224 Rue de Bellechasse, Montréal",2199,1000,3,oui,Fabre (à vérifier),bleue,8 (estimé),Centris,https://www.centris.ca/fr/condo-appartement~a-louer~montreal-rosemont-la-petite-patrie/9945663,8,"2 balcons (avant/arrière), aire ouverte lumineuse, 1 stationnement extérieur, Walk Score 85, dispo 1er juillet 2026",https://mspublic.centris.ca/media.ashx?id=ADDD250DA1173DFDDDDDDDDDDF&t=pi&w=1024&h=640&sm=c
2026-07-15,vu,"Grand 5 1/2 lumineux, 1100 pi2 - à 200 m du métro Laurier",Le Plateau-Mont-Royal,"n/d (Montréal, QC H2J 2Y3)",2000,1100,2,oui,Laurier,orange,2,Kijiji,https://www.kijiji.ca/v-apartments-condos/ville-de-montreal/grand-51-2-lumineux-sur-plateau-mont-royal/1738318103,8,"À 200 m (~2 min) du métro Laurier selon la fiche, disponible 1er juillet 2026",https://media.kijiji.ca/api/v1/ca-prod-fsbo-ads/images/d0/d0ca9a85-dbf8-4673-a89d-264708952626?rule=kijijica-960-jpg
2026-07-15,vu,"4 1/2 avec grand balcon, électros et clim inclus – Hochelaga",Hochelaga-Maisonneuve,"n/d (Montréal, QC H1W 3N5)",1900,900,2,oui,Joliette ou Pie-IX,verte,8 (estimé),Kijiji,https://www.kijiji.ca/v-apartments-condos/ville-de-montreal/grand-4-1-2-avec-balcon-electros-ac-inclus/1740573339,8,"2 chambres fermées + boudoir, grand balcon arrière donnant sur jardin tranquille, électros neufs inclus (laveuse-sécheuse, lave-vaisselle, thermopompe), cuisine rénovée comptoir marbre, sdb rénovée 2025, internet haute vitesse inclus, sécurité 24h, non-fumeur, pas d'animaux, enquête de crédit, dispo 1er août 2026",https://media.kijiji.ca/api/v1/ca-prod-fsbo-ads/images/4c/4cb38191-e06a-433d-ad8f-fce80a96fe75?rule=kijijica-640-webp
2026-07-15,vu,"Superbe 4 1/2, près métro Jarry – Villeray",Villeray,"Avenue des Belges, Montréal, QC H2P 2B1",2400,1100,2,oui,Jarry,orange,5,Kijiji,https://www.kijiji.ca/v-apartments-condos/ville-de-montreal/superbe-4-1-2-disponible-des-le-1er-septembre/1739673965,8,"Cour arrière privée, tous électros inclus (cuisinière, frigo, lave-vaisselle, laveuse-sécheuse), climatisation, stationnement dans la rue, proche épiceries/pharmacie/restos/parcs, dispo 1er sept 2026, prix à la limite haute du budget",https://media.kijiji.ca/api/v1/ca-prod-fsbo-ads/images/a6/a6a41b4d-bb53-4c62-a720-a074f2806f46?rule=kijijica-640-webp
2026-07-12,vu,"5 1/2 balcon, 1200 pi² – Rosemont",Rosemont-La Petite-Patrie,"6885 43e Avenue, Montréal, QC H1T 2R9",1900,1200,3,oui,Mary Two-Axe Earley (à vérifier),n/d,12,Kijiji,https://www.kijiji.ca/v-apartments-condos/ville-de-montreal/3-bedroom-apartment-for-rent-in-rosemont/1739297378,8,"Animaux permis, eau chaude incluse, électricité et internet à la charge du locataire, libre 16 juin 2026, nom de station à vérifier",https://media.kijiji.ca/api/v1/ca-prod-fsbo-ads/images/2e/2efd08ab-2014-42f0-bde7-3afc97ccb893?rule=kijijica-960-jpg
2026-07-12,vu,"5 1/2 style condo, 2 balcons – Rosemont (Promenade Masson)",Rosemont-La Petite-Patrie,"n/d (Montréal, QC H1Y 1Y3, secteur Promenade Masson)",1925,1100,3,oui,Laurier,orange,n/d (bus ~20 min),Kijiji,https://www.kijiji.ca/v-apartments-condos/ville-de-montreal/cessation-de-bail-5-style-condo-promenade-masson-rosemont/1739478440,8,"Chiens et chats acceptés, chauffage non inclus, Walk Score 99, très proche des commerces de la Promenade Masson",https://media.kijiji.ca/api/v1/ca-prod-fsbo-ads/images/21/219d597c-7a1f-471a-9c6c-a7768c42324c?rule=kijijica-960-jpg
2026-07-12,vu,"4 1/2 rénové, grand balcon, près métro Joliette/Pie-IX",Hochelaga-Maisonneuve,"1695 Avenue Bourbonnière, Montréal",1940,900,2,oui,Joliette/Pie-IX,verte,5,DuProprio,https://duproprio.com/fr/location/montreal/mercier-hochelaga-maisonneuve/4-1-2-a-louer/hab-1695-avenue-bourbonniere-1135855,8,"2 ch fermées (1 grande chambre double) + salle d'eau, grand balcon arrière sur jardin paisible, dispo 1er août 2026 (ou 18 juillet), à 1 min du Metro épicerie, 3 min boulangerie Arhoma, Promenade Ontario et Place Simon-Valois à pied",https://photos.duproprio.com/photos/public/for_rent/202606/1135855/mercier-hochelaga-maisonneuve-600-15749477.jpg
2026-07-15,vu,"Grand 5 1/2 rénové au RDC, près métro Pie-IX – Rosemont",Rosemont-La Petite-Patrie,"4419 Avenue Charlemagne, Montréal, QC H1X 2H2",2000,1200,3,n/d,Pie-IX,verte,7,Kijiji,https://www.kijiji.ca/v-apartments-condos/ville-de-montreal/grand-5-1-2-renove-a-louer-au-rdc-a-rosemont/1740506864,8,"Climatisation incluse, fumage autorisé, pas d'animaux, aucun stationnement inclus, dispo 1er juillet 2026, proche Jardin botanique/Biodôme/Promenade Masson",https://media.kijiji.ca/api/v1/ca-prod-fsbo-ads/images/1d/1d7cfe92-1f54-4f36-9a36-2e82fab03b52?rule=kijijica-960-jpg
2026-07-14,vu,"Condo 5½ meublé, balcon vue sur parc – Angus/Rosemont, près métro Joliette",Rosemont-La Petite-Patrie,"3439 Rue William-Tremblay, Montréal",2050,1000,2,oui,Joliette,verte,10,LogisQuébec,https://www.logisquebec.com/condo-a-louer-rosemont_la-petite-patrie-l353563,8,"Unité de coin entièrement meublée (TV, lit, sofa, climatiseur portatif, électros inclus), vue sur parc, arrêt de bus à 1 min vers le métro, électricité et internet en sus (~70$/mois chacun), dispo 1er août ou 1er sept 2026, secteur Angus vivant (écoles, parcs, commerces à pied)",
2026-07-14,vu,"Condo 4½ neuf sur 2 étages, semi-meublé, balcon – Plateau/Centre-Sud, près métro Préfontaine",Le Plateau-Mont-Royal,"2484 Rue Marie-Anne Est, Montréal",2075,1000,2,oui,Préfontaine,verte,10,LogisQuébec,https://www.logisquebec.com/condo-a-louer-le-plateau-mont-royal-l353552,8,"Condo construit en 2019, climatisation centrale, système d'alarme, entrées laveuse-sécheuse, dispo 1er sept 2026, station Frontenac aussi accessible à 12 min",
2026-07-12,vu,"Appartement 3 chambres, jardin, parking, Hochelaga",Hochelaga-Maisonneuve,"Montréal, QC H1W 3A8",2135,1200,3,n/d,Joliette,verte,4,Kijiji,https://www.kijiji.ca/v-apartments-condos/ville-de-montreal/appartement-3-chambres-jardin-parking-hochelaga/1739953364,8,"Cession de bail jusqu'au 1er juillet 2027, dispo 1er sept 2026, cour privée, stationnement, rangement au sous-sol, lave-vaisselle inclus, animaux limités, enquête de crédit",https://media.kijiji.ca/api/v1/ca-prod-fsbo-ads/images/43/4348c9c2-4f70-41ce-a65d-9ed5490935cd?rule=kijijica-960-jpg
2026-07-12,vu,5½ meublé tout inclus à 3 min du métro Joliette,Hochelaga-Maisonneuve,"3602 rue de Rouen, Montréal",2150,900,2,oui,Joliette,verte,4,LogisQuébec,https://www.logisquebec.com/appartement-a-louer-mercier_hochelaga-maisonneuve-l353091,8,"5½ 900 pi² meublé, chauffé, wifi et tout inclus, grande terrasse arrière 100 pi², métro Joliette à 287 m, disponible 11 octobre 2026, bail min 3 mois, pas d'animaux",
2026-07-12,vu,5 1/2 + annexe rénové près du métro Beaubien,La Petite-Patrie,"secteur métro Beaubien, H2S 2J5",2200,1064,3,oui,Beaubien,orange,5,Kijiji,https://www.kijiji.ca/v-apartments-condos/ville-de-montreal/5-1-2-annexe-renove-pres-du-metro-beaubien/1735720589,8,"3 ch fermées + annexe (ancien solarium), rénové récemment, 2 grands balcons, entrées laveuse-sécheuse et lave-vaisselle, climatisation, dispo 1er sept 2026, rue Beaubien et commerces à pied, non-fumeur, pas d'animaux",https://media.kijiji.ca/api/v1/ca-prod-fsbo-ads/images/ca/ca9a1937-a625-413b-ba4b-233b3a0e900b?rule=kijijica-960-jpg
2026-07-15,vu,5 1/2 Rosemont rénové avec cour privée,Rosemont-La Petite-Patrie,"9e Avenue, Montréal, QC H1Y 2J9",2215,1000,3,oui,Rosemont,orange,10 (estimé),Kijiji,https://www.kijiji.ca/v-apartments-condos/ville-de-montreal/5-1-2-rosemont-renove-avec-cour-privee/1739626532,8,"Cour privée avec cabanon, climatisation incluse, animaux acceptés, non meublé, dispo 1er août 2026, bail 1 an, Vieux Rosemont, walk score 10/10",https://media.kijiji.ca/api/v1/ca-prod-fsbo-ads/images/0d/0d2593ae-6698-452f-a94e-40f11723e9a8?rule=kijijica-960-jpg
2026-07-12,vu,Magnifique 5 1/2 sur le plateau mont-royal,Le Plateau-Mont-Royal,"rue Marie-Anne, H2H 1M9",2300,1000,3,oui,Mont-Royal,orange,12,Kijiji,https://www.kijiji.ca/v-apartments-condos/ville-de-montreal/magnifique-5-1-2-sur-le-plateau-mont-royal/1734803750,8,"3 ch fermées, cuisine rénovée comptoirs quartz, planchers bois franc d'origine, laveuse-sécheuse dans l'unité, balcon privé, animaux acceptés, bail au mois, avenue Mont-Royal et ses commerces à pied, chauffage/électricité en sus",https://media.kijiji.ca/api/v1/ca-prod-fsbo-ads/images/38/389e0d3d-7bcf-42a9-8fe4-8a27fa531359?rule=kijijica-960-jpg
2026-07-12,vu,Unité neuve 3 chambres 1120 pi2 projet boutique,Hochelaga-Maisonneuve,"2017, avenue Letourneux, app. 101, Montréal",2395,1120,3,non,Pie-IX,verte,11,Centris,https://www.centris.ca/fr/condo-appartement~a-louer~montreal-mercier-hochelaga-maisonneuve/27359064,8,"Construction neuve 2026, 6 pièces, 3 chambres en demi-sous-sol, terrasse commune sur le toit, semi-meublé, internet inclus, 1 mois gratuit bail 24 mois, dispo 1er juillet 2026",https://mspublic.centris.ca/media.ashx?id=ADDD250DA15A15CDDDDDDDDDD2&t=pi&w=1260&h=1024&sm=c
2026-07-12,vu,Plateau - Superbe 5 1/2 de 3 Chambres - Disponible le 1er Juillet,Le Plateau-Mont-Royal,"3477 rue Saint-Dominique, H2X 2X5",2400,1000,3,oui,Sherbrooke,orange,7,Kijiji,https://www.kijiji.ca/v-apartments-condos/ville-de-montreal/plateau-superbe-5-1-2-de-3-chambres-disponible-le-1er-juillet/1740256791,8,"3 ch fermées, 2e étage, laveuse-sécheuse dans l'unité, climatisation, balcon arrière, boul. Saint-Laurent et ses commerces à 1 rue, secteur sud du Plateau (limite Milton-Parc), métro Sherbrooke ou Saint-Laurent à pied, dispo 1er juillet 2026, animaux limités, prix à la limite haute du budget",https://media.kijiji.ca/api/v1/ca-prod-dealer-ads/images/8d/8d95567f-3a46-42b2-bcd6-c8ea29c0a1ff?rule=kijijica-960-jpg
2026-07-17,vu,"5½ rénové 3 chambres, 1085 pi² - avenue d'Orléans (Hochelaga), près métro Joliette",Hochelaga-Maisonneuve,"2435 Avenue d'Orléans, Montréal, QC H1W 3S3",1950,1085,3,non,Joliette,verte,5,Kijiji,https://www.kijiji.ca/v-apartments-condos/ville-de-montreal/5-1-2-a-louer-un-beau-5-1-2-de-3-chambres-fermees-avec-garage/1736086864,7,"Rez-de-chaussée d'un triplex, 1 stationnement privé inclus, accès cour arrière, non meublé, pas d'animaux, dispo 1er juillet 2026, à 450 m (~5 min) du métro Joliette et 600 m (~7 min) de Pie-IX",https://media.kijiji.ca/api/v1/ca-prod-fsbo-ads/images/03/03d8944a-7b26-4350-b716-ca7ec27241fb?rule=kijijica-960-jpg
2026-07-16,vu,"5½ rénové 2024, balcon arrière avec toit - rue d'Iberville (Villeray), à deux pas du métro",Villeray,"7186 Rue d'Iberville, Montréal",1950,900,2,oui,D'Iberville,bleue,3 (estimé),DuProprio,https://duproprio.com/fr/location/montreal/villeray-st-michel-parc-extension/5-1-2-a-louer/hab-7186-rue-diberville-1078665,7,"Rénové au complet printemps 2024, cuisine neuve comptoirs quartz, salle de bain avec plancher chauffant, 2e étage duplex, animaux non permis, dispo immédiatement, climatisation",https://photos.duproprio.com/photos/public/for_rent/202407/1078665/5-1-2-villeray-st-michel-parc-extension-1024-14442070.jpg
2026-07-16,vu,"4½ semi-meublé, 2 balcons, entre métro Sherbrooke et Saint-Laurent",Le Plateau-Mont-Royal,"3528 Avenue Coloniale, Montréal",2400,1000,2,oui,Sherbrooke,orange,8,Centris,https://www.centris.ca/fr/condo-appartement~a-louer~montreal-le-plateau-mont-royal/18661844,7,"Métro Sherbrooke à 600 m et Saint-Laurent à 650 m, balcons avant et arrière, laveuse-sécheuse inclus, pas d'animaux, dispo 1er mai 2026, prix à la limite haute du budget",https://mspublic.centris.ca/media.ashx?id=ADDD250DADE9AF4DDDDDDDDDDF&t=pi&w=640&h=480&sm=c
2026-07-16,vu,"3 chambres sur 2 niveaux, balcon - Ville-Marie (Village)",Ville-Marie (Centre-Sud/Village),"1556 Rue Alexandre-de-Sève, Montréal, QC H2L 2V7",1950,n/d,3,oui,Papineau ou Beaudry,verte,9 (estimé),Marketplace,https://www.facebook.com/marketplace/item/1630277048041333,7,"3 chambres dont 1 à l'étage, chauffage électrique, entrée laveuse-sécheuse, chats acceptés, dispo 1er juillet 2026, secteur Village/Centre-Sud vivant. Lien Facebook (connexion requise)",https://scontent-yyz1-1.xx.fbcdn.net/v/t39.30808-6/725664382_1806177020753109_738596762216669759_n.jpg?stp=c181.0.1086.1086a_dst-jpg_tt6&cstp=mx1086x1086&ctp=s565x565&_nc_cat=110&ccb=1-7&_nc_sid=454cf4&_nc_ohc=hMJqNHPfDaQQ7kNvwHanUl6&_nc_oc=AdpnG9QIBpMUJP1wxwaIP0X85-sgqMS8IFmOP-dnQWyAx6A2jhbJOLq1E29TYkdqoAE&_nc_zt=23&_nc_ht=scontent-yyz1-1.xx&_nc_gid=po_Fub79cNJDfbGc2ZS1tQ&_nc_ss=7f2a8&oh=00_AQD44GmDh0ZUBIbweWf4W2TRvVKQ2s7WqU07gK4fjl_jSQ&oe=6A5EA584
2026-07-15,vu,"Grand 5 1/2 sur 2 étages, 3 chambres et cour",Hochelaga-Maisonneuve,3845 rue Hochelaga (H1W 1J5),1900,n/d,3,oui,Joliette,verte,9,Marketplace,https://www.facebook.com/marketplace/item/1008792698770049,7,"5 1/2 sur 2 étages, 3 chambres, 2 balcons, cour, frigo/four/laveuse/sécheuse inclus, Centris 20702727, dispo maintenant. À l'ouest de Pie-IX, ~9 min à pied du métro Joliette (estimé). Lien Facebook (connexion requise)",https://scontent-yyz1-1.xx.fbcdn.net/v/t39.30808-6/714003647_2185734145539346_3198406513208048496_n.jpg?stp=dst-jpg_tt6&cstp=mx1185x1184&ctp=p526x296&_nc_cat=110&ccb=1-7&_nc_sid=454cf4&_nc_ohc=rWfRdyAQT2kQ7kNvwEDuxFQ&_nc_oc=Adq1kZ7UKEWJ5AOUtBADQ2wc5Tm0xR6Oy1Es11qxDrIBpg5pQoUKzI5WditEAwUixfk&_nc_zt=23&_nc_ht=scontent-yyz1-1.xx&_nc_gid=yYLPvMa76LbSuFVLINSV0A&_nc_ss=7f2a8&oh=00_AQCJsY2PUIFfIFE0IQOeFTV9m-V9fFS4ilU1C3PB62_vlg&oe=6A5D9B7D
2026-07-15,vu,4 1/2 meublé 900 pi2 à 1 min du métro Laurier,Le Plateau-Mont-Royal,5048 rue Rivard (H2J 2M9),1990,900,2,oui,Laurier,orange,2,Marketplace,https://www.facebook.com/marketplace/item/1587980276170810,7,"4 1/2 rénové ~900 pi2 au rez-de-chaussée d'un triplex, entièrement meublé, climatisé, balcon privé, plafonds hauts, murs de briques. Moins d'1 min du métro Laurier et 5 min du parc Laurier selon la fiche, dispo immédiatement. Lien Facebook (connexion requise)",https://scontent-yyz1-1.xx.fbcdn.net/v/t39.84726-6/741940752_1429328275740907_6698802259517172647_n.jpg?stp=c135.0.540.540a_dst-jpg_p180x540_tt6&_nc_cat=107&ccb=1-7&_nc_sid=92e707&_nc_ohc=NMJOpVG6Y_4Q7kNvwELOmkA&_nc_oc=AdqF3ydxe4mehyA40f7h2lZcCrSH8BQaQ3F2n0E8sKJGfnxgRh1HnvSvZ0FZQi_Zkow&_nc_zt=14&_nc_ht=scontent-yyz1-1.xx&_nc_gid=fFR5ChQi4J0gvgJw_ex77g&_nc_ss=7f2a8&oh=00_AQCS-CkFmscQOqIBqcnBnG2S49uR4g2vcHCV2VfWwe5WxQ&oe=6A5D7C9F
2026-07-15,vu,Grand 5 1/2 de 1144 pi2 près métro Fabre – Villeray,Villeray,Secteur Villeray/Chabot (adresse exacte n/d),2000,1144,3,n/d,Fabre,bleue,10,Marketplace,https://www.facebook.com/marketplace/item/1218591924670571,7,"5 1/2 de 1144 pi2 au rez-de-chaussée d'un quadruplex : 3 grandes chambres fermées, thermopompe (clim+chauffage), électros et plusieurs meubles inclus, entrées laveuse/sécheuse. Près de la Plaza St-Hubert, quelques minutes du métro Fabre selon la fiche (~10 min estimé). Lien Facebook (connexion requise)",https://scontent-yyz1-1.xx.fbcdn.net/v/t39.84726-6/734897156_4591064421106932_6131094476647339162_n.jpg?stp=c0.87.526.526a_dst-jpg_p526x395_tt6&_nc_cat=105&ccb=1-7&_nc_sid=92e707&_nc_ohc=LiymDaMlxe8Q7kNvwF9a4Tf&_nc_oc=AdrV-_Dz-gdjZ96oH23Qhwdwu5Qhj3MRppo88SmiXkIuWNqL-8z-Z9b95F2mAAFuqkE&_nc_zt=14&_nc_ht=scontent-yyz1-1.xx&_nc_gid=fqv6VHej6TNF8DZvOf_nSw&_nc_ss=7f2a8&oh=00_AQBvEs9zXVGz2UAd0G1bVEdU9X0Ch7Zxs8p4B_vnanFYNQ&oe=6A5D7E3A
2026-07-12,vu,"5 1/2 lumineux, 2 chambres fermées, 2 balcons – Rosemont, près Cinéma Beaubien",Rosemont-La Petite-Patrie,"n/d (Montréal, QC H2G 2S1)",1950,946,2,oui,Beaubien,orange,8 (estimé),Kijiji,https://www.kijiji.ca/v-apartments-condos/ville-de-montreal/5-lumineux-2-ch-fermees-renove-rosemont-petite-patrie/1739560132,7,"Animaux limités, 3e étage, buanderie et lave-vaisselle inclus, à deux pas du Cinéma Beaubien, libre 1er juillet 2026",https://media.kijiji.ca/api/v1/ca-prod-fsbo-ads/images/c1/c15d7c88-4278-46b2-b504-86cd39d6404b?rule=kijijica-960-jpg
2026-07-12,vu,Appartement lumineux sur la plaza,La Petite-Patrie,"rue Saint-Hubert, H2S 2L9",1975,1000,2,oui,Beaubien,orange,2,Kijiji,https://www.kijiji.ca/v-apartments-condos/ville-de-montreal/appartement-lumineux-sur-la-plaza/1739853332,7,"2 ch fermées + boudoir avec grand placard, Plaza St-Hubert au pied de l'immeuble (quartier très vivant), laveuse-sécheuse dans l'unité, clim, 1 stationnement, grand balcon, métro Beaubien à 2 min selon l'annonce, dispo 15 juillet 2026, animaux limités",https://media.kijiji.ca/api/v1/ca-prod-fsbo-ads/images/29/29f42067-d07c-42c9-9127-b218f6f690f8?rule=kijijica-960-jpg
2026-07-12,vu,Condo 4½ rénové avec stationnement,Rosemont/La Petite-Patrie,"6855, rue d'Iberville, Montréal",2100,1010,2,oui,D'Iberville,bleue,8,DuProprio,https://duproprio.com/fr/location/montreal/rosemont-la-petite-patrie/4-1-2-a-louer/hab-6855-diberville-1136946,7,"2 chambres fermées, cuisine et sdb modernes, climatisé, stationnement, rangement ext., animaux acceptés, dispo 16 juillet 2026",https://photos.duproprio.com/photos/public/for_rent/202607/1136946/4-1-2-rosemont-petite-patrie-600-15776920.jpg
2026-07-12,vu,"6 1/2, balcon et terrasse, animaux acceptés – Hochelaga",Hochelaga-Maisonneuve,"1841 Rue Saint-Germain, Montréal",2195,n/d,3,oui,Préfontaine,verte,10,Centris,https://centris.ca/fr/condo-appartement~a-louer~montreal-mercier-hochelaga-maisonneuve/25697495,7,"Semi-meublé, animaux acceptés sous conditions (chiens ok), 1 stationnement, libre 7 jours après acceptation du bail, vérification de crédit requise",https://mspublic.centris.ca/media.ashx?id=ADDD250DA16F1EEDDDDDDDDDD4&t=pi&w=640&h=480&sm=c
2026-07-12,vu,"Cession de bail – Grand 5 1/2 lumineux, balcon et terrasse – Hochelaga/Préfontaine",Hochelaga-Maisonneuve,"n/d (Montréal, QC H1V 2X2, secteur Préfontaine)",2195,n/d,3,oui,Préfontaine,verte,10,Kijiji,https://www.kijiji.ca/v-apartments-condos/ville-de-montreal/cession-de-bail-grand-5-1-2-lumineux-hochelaga-prefontaine/1739376269,7,"1er mois gratuit, animaux acceptés (même chiens), hydro et stationnement inclus, buanderie, bail jusqu'en juin 2027",https://media.kijiji.ca/api/v1/ca-prod-fsbo-ads/images/9b/9b7ac581-3ab1-482b-9f87-d703dcb6bcc3?rule=kijijica-960-jpg
2026-07-15,vu,"Condo 4½ meublé avec stationnement, près métro Jarry/Crémazie – Villeray",Villeray,"8478 Rue Saint-Dominique, Montréal",2290,930,2,oui,Jarry ou Crémazie,orange,5 (estimé),DuProprio,https://duproprio.com/fr/location/montreal/villeray-st-michel-parc-extension/4-1-2-a-louer/hab-8478-saint-dominique-1134387,7,"Meublé (TV 65po, mobilier complet), stationnement intérieur inclus, thermopompe, animaux négociables, bail min 12 mois, dispo 1er juillet 2026, hydro ~75$/mois + assurance 25$/mois en sus",https://photos.duproprio.com/photos/public/for_rent/202605/1134387/4-1-2-villeray-st-michel-parc-extension-600-15713346.jpg
2026-07-12,vu,4 1/2 Villeray . Christophe-Colomb.,Villeray,"Jarry/Christophe-Colomb, Montréal, QC H2P 0C3",2305,1054,2,oui,Jarry,orange,10,Kijiji,https://www.kijiji.ca/v-apartments-condos/ville-de-montreal/4-1-2-villeray-christophe-colomb/1739980393,7,"Dispo 1er sept 2026, internet et clim inclus, tous électros inclus (four frigo lave-vaisselle laveuse-sécheuse), animaux acceptés, immeuble béton insonorisé avec gym/ascenseur/concierge, grand balcon-terrasse privé",https://media.kijiji.ca/api/v1/ca-prod-fsbo-ads/images/5d/5d7a6647-dba7-4661-87c0-6b86eeb875b6?rule=kijijica-960-jpg
2026-07-17,vu,"5½ rénové 1000 pi², cour privée exclusive - boulevard Rosemont",Rosemont-La Petite-Patrie,"n/d (Boul. Rosemont, Montréal, QC H1Y 1M5)",2215,1000,3,n/d,"Rosemont (à vérifier, adresse exacte non précisée)",orange,10 (estimé),Kijiji,https://www.kijiji.ca/v-apartments-condos/ville-de-montreal/appartement-5-1-2-rosemont-la-petite-patrie/1740125612,6,"Entièrement rénové, climatisation incluse, cour privée exclusive aux locataires, animaux (chiens) acceptés, aucun stationnement inclus, bail 1 an, dispo 1er août 2026, distance au métro incertaine (adresse précise non indiquée dans l'annonce)",https://media.kijiji.ca/api/v1/ca-prod-fsbo-ads/images/f6/f6ba5694-b433-4ed1-9bc1-e245d25714b2?rule=kijijica-960-jpg
2026-07-16,vu,"5½ rénové 3 chambres, stationnement inclus - rue Saint-Hubert (Villeray), proche Jean-Talon/Jarry",Villeray,"7639 Rue Saint-Hubert, Montréal",2200,1050,3,n/d,Jean-Talon ou Jarry (à vérifier),orange,5 (estimé),DuProprio,https://duproprio.com/fr/location/montreal/villeray-st-michel-parc-extension/5-1-2-a-louer/hab-7639-rue-st-hubert-1132037,6,"Rez-de-chaussée, électroménagers inclus (cuisinière, climatiseur, lave-vaisselle, laveuse, réfrigérateur, sécheuse), 1 stationnement inclus, dispo immédiatement, balcon non précisé dans l'annonce",https://photos.duproprio.com/photos/public/for_rent/202605/1132037/5-1-2-villeray-st-michel-parc-extension-600-15655024.jpg
2026-07-15,vu,"Cession de bail 4 1/2 (2 ch. + bureau), 2 balcons, près métro Préfontaine",Hochelaga-Maisonneuve,"1841, Rue Saint-Germain, Montréal (Mercier/Hochelaga-Maisonneuve)",2195,n/d,2,oui,Préfontaine,verte,10,Centris,https://www.centris.ca/fr/condo-appartement~a-louer~montreal-mercier-hochelaga-maisonneuve/25697495,6,"Cession de bail, 2e et dernier étage, semi-meublé avec électroménagers inclus, balcon avant + terrasse arrière, 1 stationnement (allée), animaux acceptés (chiens inclus), Walk Score 96, près rue Ontario (commerces/restos), disponible ~7 jours après acceptation",https://mspublic.centris.ca/media.ashx?id=ADDD250DA16F1EEDDDDDDDDDD4&t=pi&w=640&h=480&sm=c
2026-07-15,vu,"5 1/2 lumineux, 2 balcons – Villeray (rue de Castelnau Est)",Villeray,"361 Rue de Castelnau Est, Montréal, QC H2R",1980,n/d,3,oui,Jean-Talon,orange/bleue,2,Marketplace,https://www.facebook.com/marketplace/item/4364819800401491,6,"3 chambres fermées, 2 salles de bain, 2 balcons, tous électros inclus + climatiseur, 1 animal accepté, à quelques pas de cafés/restos/commerces/parcs/épiceries, dispo 15 sept 2026, bail 1 an — lien Marketplace exige une connexion Facebook",https://scontent-yyz1-1.xx.fbcdn.net/v/t39.30808-6/738175791_122163358448956236_8893879274479902982_n.jpg?stp=c181.0.1086.1086a_dst-jpg_tt6&cstp=mx1086x1086&ctp=s565x565&_nc_cat=106&ccb=1-7&_nc_sid=454cf4&_nc_ohc=rpx2E0vyW3kQ7kNvwGfclmJ&_nc_oc=AdpALm3YusJq0Maav6el9qX4etr-2lUMEAPvYv1MfGvC3tr715UbWgD4CmQchGPjt44&_nc_zt=23&_nc_ht=scontent-yyz1-1.xx&_nc_gid=EBKM-YBwAXSEbwqv2KAm-A&_nc_ss=7f2a8&oh=00_AQALNx8M-H3ukcmH2qnLjQMRNiPmxzCkC373khtB7tqWEQ&oe=6A5D6801
2026-07-15,vu,5 1/2 meublé 1200 pi2 avec cour – Plateau,Le Plateau-Mont-Royal,Rue Sewell (H2W 1V9),2099,1200,2,n/d,Sherbrooke,orange,10,Marketplace,https://www.facebook.com/marketplace/item/1019005031103806,6,"5 1/2 meublé de 1200 pi2 : 2 chambres + pièce supplémentaire + salle de lavage, cour arrière privée, entrée privée, électros neufs, vue sur parc. 10 min à pied du métro Sherbrooke et de McGill selon la fiche, dispo 1er septembre. Lien Facebook (connexion requise)",https://scontent-yyz1-1.xx.fbcdn.net/v/t39.30808-6/744858739_10165155610490786_1771055700003483249_n.jpg?stp=c342.0.1364.1364a_dst-jpg_tt6&cstp=mx1364x1364&ctp=s565x565&_nc_cat=111&ccb=1-7&_nc_sid=454cf4&_nc_ohc=K4tM_CSheCoQ7kNvwEVm0M8&_nc_oc=Adr-C6MeJfiuug8uyEwRuwdFFh7Xv6Ka03-bESw5VsBoVE8Y1b4CTD5PKQKPUfRJmO8&_nc_zt=23&_nc_ht=scontent-yyz1-1.xx&_nc_gid=yYLPvMa76LbSuFVLINSV0A&_nc_ss=7f2a8&oh=00_AQCNsVfbH6vfqg264B34f74Hj2CUebDBcYc18lipFA0U3A&oe=6A5D6C01
2026-07-15,vu,"4½ rénové, 1000 pi², près métro Laurier – Plateau (Parc-Lafontaine)",Le Plateau-Mont-Royal,"4225 Rue de Lanaudière, Montréal, QC H2J 3N8",1900,1000,2,n/d,Laurier,orange,10 (estimé),Kijiji,https://www.kijiji.ca/v-apartments-condos/ville-de-montreal/tres-beau-4-recemment-renove-au-coeur-du-plateau-mont-royal/1739158104,6,"2e étage, laveuse-sécheuse-poêle-frigo inclus, non-fumeur, pas d'animaux, aucun stationnement, dispo 1er juillet 2026, près parc La Fontaine, walk score 10/10",https://media.kijiji.ca/api/v1/ca-prod-fsbo-ads/images/15/15437f31-23a1-4bd9-9a52-5d9b817ca005?rule=kijijica-960-jpg
2026-07-12,vu,"5 1/2 RDC rénové avec cour – Hochelaga, près Pie-IX",Hochelaga-Maisonneuve,"1711 Avenue d'Orléans, Montréal, QC H1W 3R4",1950,900,2,n/d,Pie-IX,verte,10 (estimé),Kijiji,https://www.kijiji.ca/v-apartments-condos/ville-de-montreal/hochelaga-superbe-5-1-2-renove-au-rez-de-chaussee-avec-cour/1740256793,6,"Animaux limités, stationnement inclus, cour arrière privée, climatisation, libre 1er juillet 2026",https://media.kijiji.ca/api/v1/ca-prod-dealer-ads/images/d0/d0d75179-15a9-4d6e-a66c-024195759d32?rule=kijijica-960-jpg
2026-07-12,vu,"Grand 5 1/2 lumineux, à 200m du métro Laurier – Plateau",Le Plateau-Mont-Royal,"n/d (Montréal, QC H2J 2Y3)",2000,1100,2,oui (petit balcon cuisine),Laurier,orange,3,Kijiji,https://www.kijiji.ca/v-apartments-condos/ville-de-montreal/grand-51-2-lumineux-sur-plateau-mont-royal/1738318103,6,"Chauffage inclus, animaux limités, walk-in dans chambre principale, libre 1er juillet 2026",https://media.kijiji.ca/api/v1/ca-prod-fsbo-ads/images/d0/d0ca9a85-dbf8-4673-a89d-264708952626?rule=kijijica-960-jpg
2026-07-13,vu,"4 1/2 sur 2 étages, condo neuf « Joseph », balcon, près métro Joliette",Rosemont-La Petite-Patrie,"3420 boul. Saint-Joseph Est, Montréal, QC H1X 0A6",2150,n/d,2,oui,Joliette,verte,10 (estimé),Kijiji,https://www.kijiji.ca/v-apartments-condos/ville-de-montreal/4-5-sur-2-etages-condo-appartement-a-louer-rosemont-joseph/1727979165,6,"Condo neuf « Joseph » sur 2 étages, face au parc Lafond, eau chaude et climatisation incluses, électros neufs (laveuse-sécheuse inclus), piscine extérieure/gym/stationnement intérieur payant, animaux acceptés, superficie non précisée, près Stade olympique et Jardin botanique",https://media.kijiji.ca/api/v1/ca-prod-dealer-ads/images/2a/2a378c4c-30df-42fd-8c0d-515e4ee71bc4?rule=kijijica-960-jpg
2026-07-12,vu,5½ 2e étage Jarry Est rénové,Villeray,"582 rue Jarry Est, Montréal",2300,n/d,3,oui,Jarry,orange,2,LogisQuébec,https://www.logisquebec.com/appartement-a-louer-villeray_saint-michel_parc-extension-l353442,6,"5½ 3 chambres fermées, rénové, climatisation murale, balcons avant et arrière, métro Jarry à 103 m, disponible immédiatement, enquête de crédit exigée",
2026-07-17,vu,Condo 4½ semi-meublé face au parc Père-Marquette - Rosemont,Rosemont-La Petite-Patrie,"n/d (face au parc Père-Marquette, Montréal)",2200,970,2,non (terrasse commune sur le toit),Rosemont,orange,10,Kijiji,https://www.kijiji.ca/v-apartments-condos/ville-de-montreal/condo-4-a-louer-dans-rosemont-la-petite-patrie/1739545131,5,"Semi-meublé, buanderie privée, lave-vaisselle, climatisation, rangement au sous-sol, dispo 1er juillet 2026",https://media.kijiji.ca/api/v1/ca-prod-fsbo-ads/images/c3/c32bb989-3256-4fd9-b5c7-30a77bfd8b2b?rule=kijijica-960-jpg
2026-07-17,vu,"4½ rénové 2024, balcon privé, dernier étage - rue Foucher (Villeray), près métro Jarry",Villeray,"8325B Rue Foucher, Montréal",1900,n/d,2,oui,Jarry,orange,7,Centris,https://www.centris.ca/en/condos-apartments~for-rent~montreal-villeray-saint-michel-parc-extension/20638950,5,"Dernier étage sans voisin au-dessus, puits de lumière, chats acceptés, proche pharmacie/dépanneur/restos, dispo 1er juillet 2026",https://mspublic.centris.ca/media.ashx?id=ADDD250DA1701B6DDDDDDDDDD0&t=pi&w=1024&h=640&sm=c
2026-07-16,vu,"4½ rénové, balcon, à 5 min des métros Parc/Acadie",Villeray-Saint-Michel-Parc-Extension (secteur Parc-Extension),"6904 Rue Hutchison, Montréal",1995,n/d,2,oui,Parc ou Acadie,orange,5,DuProprio,https://duproprio.com/fr/location/montreal/villeray-st-michel-parc-extension/4-1-2-a-louer/hab-6904-hutchison-1135219,5,"2e étage, entrée privée, électros + climatiseur inclus, dispo immédiatement, proche campus MIL de l'UdeM et Marché Central. Secteur Parc-Extension plutôt que le coeur de Villeray.",https://photos.duproprio.com/photos/public/for_rent/202606/1135219/4-1-2-villeray-st-michel-parc-extension-600-15733731.jpg
2026-07-16,vu,"Condo 4½ meublé 1000 pi², près métro Laurier",Le Plateau-Mont-Royal,"5342 Rue Saint-Denis, Montréal",2245,1000,2,n/d,Laurier,orange,6 (estimé),Centris,https://www.centris.ca/fr/condo-appartement~a-louer~montreal-le-plateau-mont-royal/21225046,5,"Meublé et équipé, 2e étage, Walk Score 99, proche piste cyclable REV, dispo 1er sept 2026",https://mspublic.centris.ca/media.ashx?id=ADDD250DAD700DBDDDDDDDDDDD&t=pi&w=1260&h=1024&sm=c
2026-07-16,vu,"4½ semi-meublé, 2 balcons, secteur Marie-Anne/de Lorimier",Le Plateau-Mont-Royal,"3514 Avenue De Lorimier, Montréal",2050,n/d,2,oui,Mont-Royal (à vérifier),orange,12 (estimé),Centris,https://www.centris.ca/fr/condo-appartement~a-louer~montreal-le-plateau-mont-royal/25841083,5,"2 balcons, plafonds 9 pieds, double salon, animaux acceptés sous conditions, dispo 8 juin 2026, distance au métro estimée (non confirmée par l'annonce)",https://mspublic.centris.ca/media.ashx?id=ADDD250DA140A2CDDDDDDDDDD4&t=pi&w=1260&h=1024&sm=c
2026-07-16,vu,4½/5½ rénové avec terrasse sur le toit - 23e Avenue (Rosemont),Rosemont-La Petite-Patrie,"6904, 23e Avenue, Montréal",2200,n/d,2,oui (terrasse sur le toit),Beaubien ou Rosemont (à vérifier),orange,10 (estimé),Centris,https://www.centris.ca/fr/condo-appartement~a-louer~montreal-rosemont-la-petite-patrie/21529896,5,"Immeuble annonçant des unités jusqu'à 1200 pi² (superficie exacte de cette unité non confirmée), terrasse sur le toit commune, stationnement intérieur +100$/mois, animaux sous conditions, 2 mois gratuits, dispo 1er avril 2026",https://mspublic.centris.ca/media.ashx?id=ADDD250DE5F3D7ADDDDDDDDDD2&t=pi&w=1260&h=1024&sm=c
2026-07-15,vu,"5 1/2 rénové, 2 chambres, 1000 pi2 - près métro Jarry",Villeray,"n/d (Montréal, QC H2R)",2050,1000,2,non,Jarry,orange,5,Kijiji,https://www.kijiji.ca/v-apartments-condos/ville-de-montreal/5-1-2-villeray-2-chambres-pres-du-metro-jarry-2050/1738384606,5,"Porte-patio menant à une cour arrière (pas de balcon à proprement parler), disponible 1er juin 2026",https://media.kijiji.ca/api/v1/ca-prod-fsbo-ads/images/cf/cf44ffec-5a1f-4ffd-81e0-2eb0cfc316d8?rule=kijijica-960-jpg
2026-07-15,vu,5 1/2 à 5 min du métro Papineau – Ville-Marie/Le Village,Ville-Marie (Centre-Sud),Secteur station Papineau (adresse exacte n/d),2000,n/d,3,n/d,Papineau,verte,5,Marketplace,https://www.facebook.com/marketplace/item/1880955355936721,5,"5 1/2 avec électros inclus (frigo, poêle, laveuse, sécheuse), électricité et chauffage en sus. Métro Papineau à 5 min/350 m et Beaudry à 9 min/600 m selon la fiche. Superficie non indiquée. Lien Facebook (connexion requise)",https://scontent-yyz1-1.xx.fbcdn.net/v/t39.84726-6/702570444_965981126154971_7860153536382112939_n.jpg?stp=c135.0.540.540a_dst-jpg_p180x540_tt6&_nc_cat=103&ccb=1-7&_nc_sid=92e707&_nc_ohc=YneU80YO-OUQ7kNvwEMKKPR&_nc_oc=AdqQpL92df6JuIzjTm69wGLTEPS_1V8hsWZAM0tXrGbWDNVejO5RWBTaXAMGV0_3PmA&_nc_zt=14&_nc_ht=scontent-yyz1-1.xx&_nc_gid=DmO9x3asu-QmYjoryvRuXw&_nc_ss=7f2a8&oh=00_AQBudC_waGB9vyBBikfqMR4ldQ2tCfCUG-jhdbBvYBGK7A&oe=6A5DA048
2026-07-15,vu,Grand 6 1/2 rénové 4 chambres – rue Dézéry,Hochelaga-Maisonneuve,1478 rue Dézéry,2100,n/d,4,n/d,Préfontaine,verte,6,Marketplace,https://www.facebook.com/marketplace/item/996541189451973,5,"6 1/2 entièrement rénové, 4 chambres, laveuse et sécheuse incluses, près de la rue Ontario Est. La fiche mentionne le métro Viau mais l'adresse est en fait à ~6 min à pied de Préfontaine (ligne verte, à l'ouest de Pie-IX). Superficie non indiquée. Lien Facebook (connexion requise)",https://scontent-yyz1-1.xx.fbcdn.net/v/t39.30808-6/720228177_1306788231541291_7590507790785404579_n.jpg?stp=c0.167.1543.1543a_dst-jpg_tt6&cstp=mx1543x1543&ctp=s565x565&_nc_cat=100&ccb=1-7&_nc_sid=946e27&_nc_ohc=iZQOOaTW0cIQ7kNvwEyMuvN&_nc_oc=Adp5JfNLtujsJ-FoPwyVSLHIsN4Fp1OHVYUjEZsKqZtTJ-zw9HiwKtu0-otG8pSV1Ug&_nc_zt=23&_nc_ht=scontent-yyz1-1.xx&_nc_gid=DmO9x3asu-QmYjoryvRuXw&_nc_ss=7f2a8&oh=00_AQDrv_S-F8xizI4jJzIXeDM0ZqtsTCvZjjD9hMqbW4xx5g&oe=6A5D930D
2026-07-15,vu,4 1/2 rénové 2 chambres avec cour – Petite Italie,La Petite-Patrie,Rue Drolet entre St-Zotique et Bélanger,2300,950,2,n/d,Beaubien,orange,6,Marketplace,https://www.facebook.com/marketplace/item/869673732860172,5,"4 1/2 rénové, 950 pi2, 2 chambres fermées avec rangements intégrés, cuisine rénovée avec îlot, grande cour arrière privée avec remise. Petite Italie, à deux pas du marché Jean-Talon. Lien Facebook (connexion requise)",https://scontent-yyz1-1.xx.fbcdn.net/v/t45.5328-4/730120213_2240322190063726_502660368798558142_n.jpg?stp=c0.87.526.526a_dst-jpg_p526x395_tt6&_nc_cat=103&ccb=1-7&_nc_sid=247b10&_nc_ohc=hha1ljqLIIYQ7kNvwFKmpJ9&_nc_oc=AdoS60VDWcE7lmKj0eEjd2YW_J4Fk9AcMc_aBx8zzKmkriEb4Tbdy0Qv9KMYCa3RHBM&_nc_zt=23&_nc_ht=scontent-yyz1-1.xx&_nc_gid=jI9ZE0EjGyFqTM97Yzl5mA&_nc_ss=7f2a8&oh=00_AQC61rgjJ4mtmN97tFED2D60srRInJ_PPGwLKZaJWsd7xQ&oe=6A5D81CB
2026-07-12,vu,5 1/2 Villeray - 2 chambres - près du métro Jarry - 2050$,Villeray,"Montréal, QC H2R",2050,1000,2,non,Jarry,orange,5,Kijiji,https://www.kijiji.ca/v-apartments-condos/ville-de-montreal/5-1-2-villeray-2-chambres-pres-du-metro-jarry-2050/1738384606,5,"Dispo 1er juin 2026, rénové, 2 chambres + bureau, thermopompe (chauffage/clim), 5 électros inclus, cour-patio arrière, planchers bois franc refaits, pas d'animaux",https://media.kijiji.ca/api/v1/ca-prod-fsbo-ads/images/cf/cf44ffec-5a1f-4ffd-81e0-2eb0cfc316d8?rule=kijijica-960-jpg
2026-07-12,vu,"5 1/2 rénové, 995 pi², près Promenade Masson – Rosemont",Rosemont-La Petite-Patrie,"5472 1ere Avenue, Montréal",2200,995,3,n/d,n/d,n/d,n/d,DuProprio,https://duproprio.com/fr/location/montreal/rosemont-la-petite-patrie/5-1-2-a-louer/hab-5472-1ere-avenue-882773,5,"Chauffage au plancher radiant, climatisation, cour privée avec remise, près Promenade Masson et parc Pélican, non-fumeurs",https://photos.duproprio.com/photos/public/for_rent/201911/882773/5-1-2-plateau-mont-royal-1600-10690669.jpg
2026-07-17,vu,"4 chambres meublé, Plateau-Mont-Royal (Marketplace)",Le Plateau-Mont-Royal,"3681, avenue Coloniale, Montréal (H2X 2Y7)",1995,n/d,4,n/d,Mont-Royal ou Sherbrooke (à vérifier),orange,n/d,Marketplace,https://www.facebook.com/marketplace/item/1578661203923320,4,"Meublé, orienté étudiants, bail 1 an, dispo maintenant. Lien Facebook (connexion requise)",https://scontent-yyz1-1.xx.fbcdn.net/v/t39.30808-6/746058480_2385279625296639_1965210297754561149_n.jpg?stp=c93.0.895.895a_dst-jpg_tt6&cstp=mx895x895&ctp=s565x565&_nc_cat=109&ccb=1-7&_nc_sid=454cf4&_nc_ohc=ngElLDKbnLQQ7kNvwHndFuc&_nc_oc=AdpOYEcvWwImdnqaiYyy1pwfVcV2sab1mFRQ5KYGa5FE_CkYORsBa8yvv6PCL2lbQ7E&_nc_zt=23&_nc_ht=scontent-yyz1-1.xx&_nc_gid=EorVHkPe0HNRZxtO75C5fg&_nc_ss=7f2a8&oh=00_AQBlE2b8WT_3jlX6ddiFysYujtaCjsMiZRfF96JJT7pp3g&oe=6A60805A
2026-07-16,vu,"4½ moderne, thermopompe - avenue Papineau (Centre-Sud)",Ville-Marie (Centre-Sud),"2121 Avenue Papineau, app. 106, Montréal",1995,n/d,2,n/d,Papineau,verte,11 (estimé),Marketplace,https://www.facebook.com/marketplace/item/1345509854217640,4,"Thermopompe (chauffage/climatisation), 5 électros inclus, stationnement intérieur +200$/mois, dispo 1er sept 2026. Lien Facebook (connexion requise)",https://scontent-yyz1-1.xx.fbcdn.net/v/t39.30808-6/740967146_10163353758868282_6445879430357129287_n.jpg?stp=c267.0.1067.1067a_dst-jpg_tt6&cstp=mx1067x1067&ctp=s565x565&_nc_cat=105&ccb=1-7&_nc_sid=454cf4&_nc_ohc=NBpCPM0lMZ0Q7kNvwEgcjRv&_nc_oc=AdpKpJOW9gIXzADTI6MMd8QgF1AIUSvmXyA1OhFaypIfCHhp5Q_WLet_FlJK9JeWopU&_nc_zt=23&_nc_ht=scontent-yyz1-1.xx&_nc_gid=po_Fub79cNJDfbGc2ZS1tQ&_nc_ss=7f2a8&oh=00_AQAYyDy-ZzVKaSsRH6KHfK-C3t6CRRIgCb8d-ae59ygZwA&oe=6A5E8565
2026-07-16,vu,"6 pièces, 3 chambres - rue Fabre (Rosemont)",Rosemont-La Petite-Patrie,"6525 Rue Fabre, app. 2, Montréal",1975,n/d,3,n/d,Beaubien (à vérifier),orange,8 (estimé),Centris,https://www.centris.ca/fr/condo-appartement~a-louer~montreal-rosemont-la-petite-patrie/28139377,4,"Semi-meublé, 1 stationnement (allée), Walk Score 95, dispo 7 jours après acceptation, station de métro non précisée par l'annonce",https://mspublic.centris.ca/media.ashx?id=ADDD250DA149845DDDDDDDDDDD&t=pi&w=640&h=480&sm=c
2026-07-15,vu,Grand 4 chambres + bureau – St-André bas Plateau,Le Plateau-Mont-Royal,3855 rue St-André (H2L 3V9),2395,n/d,4,n/d,Sherbrooke,orange,7,Marketplace,https://www.facebook.com/marketplace/item/1550150270173512,4,"4 chambres (dont 1 sans fenêtre) + bureau fermé, électros inclus, dispo 1er juillet. ~7 min à pied du métro Sherbrooke (estimé depuis l'adresse). Superficie non indiquée. Lien Facebook (connexion requise)",https://scontent-yyz1-1.xx.fbcdn.net/v/t39.30808-6/728474326_10231683771185831_6727292866936668830_n.jpg?stp=c256.0.1537.1537a_dst-jpg_tt6&cstp=mx1537x1537&ctp=s565x565&_nc_cat=100&ccb=1-7&_nc_sid=454cf4&_nc_ohc=943KDXUX1RQQ7kNvwFf3aXH&_nc_oc=AdqiIy58nJFG1aGG5u9HQW6_QOL-2IMomb6kZpX5RbtE63MiJU-sRJMxj6FOz1Mq-C8&_nc_zt=23&_nc_ht=scontent-yyz1-1.xx&_nc_gid=fqv6VHej6TNF8DZvOf_nSw&_nc_ss=7f2a8&oh=00_AQDIA5orKA1mjUQENX8o5T3X6Cteocg2jKTYaTNLxvUcJw&oe=6A5D72DF
2026-07-12,vu,"5 1/2, 3 chambres, près métro Mont-Royal (rue de Bordeaux)",Le Plateau-Mont-Royal,"4275 Rue de Bordeaux, Montréal",2095,n/d,3,n/d,Mont-Royal,orange,10 (estimé),DuProprio,https://duproprio.com/fr/location/montreal/le-plateau-mont-royal/5-1-2-a-louer/hab-4275-bordeaux-1131937,4,"2e étage, dispo immédiatement, rien d'inclus (chauffage/électricité aux frais du locataire), à moins de 10 min du parc La Fontaine, proche avenue du Mont-Royal (commerces/cafés), balcon et superficie non précisés dans l'annonce",https://photos.duproprio.com/photos/public/for_rent/202605/1131937/plateau-mont-royal-600-15652873.jpg
2026-07-13,vu,"5 1/2, 3 chambres – Plateau (avenue de Lorimier)",Le Plateau-Mont-Royal,"4216 avenue de Lorimier, app. 204, Montréal",2150,n/d,3,n/d,Mont-Royal ou Papineau (à vérifier),orange,12 (estimé),DuProprio,https://duproprio.com/fr/location/montreal/le-plateau-mont-royal/5-1-2-a-louer/hab-204-4216-av-de-lorimier-1135328,4,"Semi-meublé, laveuse-sécheuse/cuisinière/frigo inclus, wifi inclus, 2e étage, petits animaux acceptés, dispo 1er juillet ou 1er sept 2026, balcon non précisé dans l'annonce, secteur commerçant (cafés, parcs) à pied",https://photos.duproprio.com/photos/public/for_rent/202606/1135328/5-1-2-plateau-mont-royal-600-15736059.jpg
2026-07-12,vu,"Grand 5 1/2, 3 chambres fermées – coeur du Plateau (rue Rachel Est)",Le Plateau-Mont-Royal,"62 rue Rachel Est, Montréal",2195,n/d,3,n/d,Sherbrooke ou Mont-Royal (à vérifier),orange,8 (estimé),DuProprio,https://duproprio.com/fr/location/montreal/le-plateau-mont-royal/5-1-2-a-louer/hab-5-12-62-rue-rachel-est-1132358,4,"Dernier étage, tranquille et lumineux, entrée laveuse-sécheuse, non-fumeur, chiens non acceptés, enquête de crédit requise, balcon et superficie non précisés dans l'annonce, secteur près Saint-Laurent/Saint-Denis",https://photos.duproprio.com/photos/public/for_rent/202605/1132358/5-1-2-plateau-mont-royal-1600-15661700.jpg
2026-07-17,vu,"Cession de bail 7½, Rosemont-La Petite-Patrie (Marketplace)",Rosemont-La Petite-Patrie,"n/d (Montréal, QC H2G 1T5)",2060,n/d,3,n/d,n/d,n/d,n/d,Marketplace,https://www.facebook.com/marketplace/item/1375157431101110,3,Cession de bail. Peu de détails disponibles dans l'annonce (pas d'adresse exacte ni de superficie). Lien Facebook (connexion requise),https://scontent-yyz1-1.xx.fbcdn.net/v/t39.84726-6/702670571_1710902896599779_1133264177050399379_n.jpg?stp=c0.86.526.526a_dst-jpg_p526x395_tt6&_nc_cat=110&ccb=1-7&_nc_sid=92e707&_nc_ohc=akFqSvK3rfAQ7kNvwG-Cqey&_nc_oc=Adrp5N9Rg13Pf-obfNZqB1ZqwyOcgjJji8vk0ggvRJiA9uCo-xDJXuQAit6O7YIGPW0&_nc_zt=14&_nc_ht=scontent-yyz1-1.xx&_nc_gid=8ft2OWSslHjx1ccZ2nFb1w&_nc_ss=7f2a8&oh=00_AQBG56r36JKH2gkm4Baddcm0ylaFria-4p9Il0vYABnyMg&oe=6A607060
2026-07-17,vu,"Condo 2 chambres semi-meublé, stationnement intérieur - rue Villeray, à 9 min du métro Fabre",Villeray,"1414 Rue Villeray, app. 105, Montréal",2350,n/d,2,n/d,Fabre,bleue,9,Centris,https://www.centris.ca/en/condos-apartments~for-rent~montreal-villeray-saint-michel-parc-extension/25583093,3,"Immeuble de 2011 (30 unités), RDC, plancher chauffant salle de bain, stationnement intérieur avec borne de recharge, casier de rangement, buanderie commune, terrasse sur le toit, Walk Score 94, dispo 1er juillet 2026",https://mspublic.centris.ca/media.ashx?id=ADDD250DAD77D67DDDDDDDDDDB&t=pi&w=1260&h=1024&sm=c
2026-07-16,vu,"4½ rénové, 2 chambres, à 3-4 min du métro Sherbrooke",Le Plateau-Mont-Royal,"3711 Rue Saint-Urbain, app. A, Montréal",2292,n/d,2,n/d,Sherbrooke,orange,4,Centris,https://www.centris.ca/fr/condo-appartement~a-louer~montreal-le-plateau-mont-royal/9588101,3,"Cuisine et salle de bain rénovées, plafonds hauts, tous électros inclus, Walk Score 100, dispo 5 jours après acceptation, à 5 min de McGill",https://mspublic.centris.ca/media.ashx?id=ADDD250DE6F28A2DDDDDDDDDDB&t=pi&w=1024&h=640&sm=c
2026-07-16,vu,"Appartement meublé haut de gamme - avenue Henri-Julien (Rosemont), près marché Jean-Talon",Rosemont-La Petite-Patrie,"6391 Avenue Henri-Julien, Montréal",2250,n/d,2,n/d,Jean-Talon (à vérifier),orange/bleue,8 (estimé),Centris,https://www.centris.ca/fr/condo-appartement~a-louer~montreal-rosemont-la-petite-patrie/10049540,3,"Meublé, finitions haut de gamme, pas d'animaux, Walk Score 98, proche marché Jean-Talon et cafés/restos, dispo 1er juin 2026, distance au métro estimée",https://mspublic.centris.ca/media.ashx?id=ADDD250DADB62FFDDDDDDDDDDD&t=pi&w=640&h=480&sm=c
2026-07-15,vu,"Superbe 2 chambres rénové, rue Beaubien - Petite-Italie",La Petite-Patrie,"Rue Beaubien (Montréal, QC)",2050,n/d,2,n/d,Beaubien,orange,5,Marketplace,https://www.facebook.com/marketplace/item/2219881575422253,3,"Entièrement rénové, cour arrière privée, Walk Score 99, à quelques pas de cafés/restos/boulangeries/épiceries fines de la Petite-Italie, à environ 10 min du marché Jean-Talon. Lien Facebook (connexion requise)",https://scontent-yyz1-1.xx.fbcdn.net/v/t39.84726-6/714823210_969706739294886_222709070726311984_n.jpg?stp=c134.0.540.540a_dst-jpg_p180x540_tt6&_nc_cat=111&ccb=1-7&_nc_sid=92e707&_nc_ohc=Q4rmFfALvM0Q7kNvwH2W42u&_nc_oc=AdpINKj09PPc8Re8DxGgY3chRB5RnttQl9NAS-AFL9O8KTqqt1dR9NYx_1WNt0O8lww&_nc_zt=14&_nc_ht=scontent-yyz1-1.xx&_nc_gid=JqfxygLQ7LNnSdbCmwTgsw&_nc_ss=7f2a8&oh=00_AQDsARrJ7YHo6O-8Zg1v5X3ykFLojfdUxVqQy1Z7t2iyQg&oe=6A5DC11E
2026-07-12,vu,"5 1/2 (avec sous-sol), 2 garages – Rosemont",Rosemont-La Petite-Patrie,"1889 Rue des Carrières, Montréal",2375,n/d,3,n/d,n/d,n/d,n/d,Centris,https://www.centris.ca/en/condos-apartments~for-rent~montreal-rosemont-la-petite-patrie/15047676,3,"Walk Score 94, 2 places de garage à 250$/mois chacune, rénovations récentes sous-sol et salle de bain, libre 5 jours après acceptation du bail",https://mspublic.centris.ca/media.ashx?id=ADDD250DE603764DDDDDDDDDDD&t=pi&w=1260&h=1024&sm=c
2026-07-17,vu,Beau 5½ à Nouveau Rosemont (Marketplace),Rosemont-La Petite-Patrie,"n/d (secteur Nouveau-Rosemont, Montréal)",2000,n/d,2,n/d,n/d,n/d,n/d,Marketplace,https://www.facebook.com/marketplace/item/771126382598215,2,Peu de détails disponibles dans l'annonce (pas d'adresse exacte ni de superficie). Lien Facebook (connexion requise),https://scontent-yyz1-1.xx.fbcdn.net/v/t39.84726-6/674573089_942123441857660_1258864760862245194_n.jpg?stp=c89.0.540.540a_dst-jpg_p180x540_tt6&_nc_cat=109&ccb=1-7&_nc_sid=92e707&_nc_ohc=-PqFDWdPNa8Q7kNvwG9FoYC&_nc_oc=Adqy82S_lfHjbp4dkLyXqO9W2nrNBD-zKhYTIwlodmCwj46lhM9QhEG2rupuBRJOPVI&_nc_zt=14&_nc_ht=scontent-yyz1-1.xx&_nc_gid=8ft2OWSslHjx1ccZ2nFb1w&_nc_ss=7f2a8&oh=00_AQDV5R2cb2f6avoKzX1khDbQ_SvUKiySFkJsux9T10Rmdg&oe=6A6059BA
2026-07-16,vu,5-1/2 Rosemont (La Petite-Patrie),Rosemont-La Petite-Patrie,"n/d (Montréal, QC)",1950,n/d,2,n/d,n/d,n/d,n/d,Marketplace,https://www.facebook.com/marketplace/item/1249775127316090,2,"Annonce titre seulement, description non disponible via le scraper. Lien Facebook (connexion requise) pour plus de détails",https://scontent-yyz1-1.xx.fbcdn.net/v/t39.84726-6/671899528_1686294965723943_4545041476511987210_n.jpg?stp=c0.87.526.526a_dst-jpg_p526x395_tt6&_nc_cat=109&ccb=1-7&_nc_sid=92e707&_nc_ohc=xqmMQDvhJyAQ7kNvwH2BiIA&_nc_oc=Adrb6HhJ7AWRb5Vln_jWCEMjozYYhefbdIyqNV0qQcHSggRpyTjrMcklU7eB9de9Y0s&_nc_zt=14&_nc_ht=scontent-yyz1-1.xx&_nc_gid=POnFrCwMzHXIAMbS8hYJRQ&_nc_ss=7f2a8&oh=00_AQBeKgxbGCX6t2QjecZXjpQL0PuubZ84LadG2I8Gj_1mug&oe=6A5E87C9
2026-07-16,vu,5 1/2 lumineux à Rosemont - 2 chambres - Masson / Pie-IX,Rosemont-La Petite-Patrie,"n/d (secteur Masson / Pie-IX, Montréal)",1950,n/d,2,n/d,Pie-IX (mentionné dans le titre),verte,n/d,Marketplace,https://www.facebook.com/marketplace/item/2238212030311408,2,"Annonce titre seulement, description non disponible via le scraper ; secteur Masson/Pie-IX mentionné dans le titre mais distance exacte inconnue. Lien Facebook (connexion requise)",https://scontent-yyz1-1.xx.fbcdn.net/v/t39.84726-6/719804341_36311671888447568_3859659500532179340_n.jpg?stp=c90.0.540.540a_dst-jpg_p180x540_tt6&_nc_cat=107&ccb=1-7&_nc_sid=92e707&_nc_ohc=vtlzBRqRSRoQ7kNvwHzTYPO&_nc_oc=AdoFOL6FWNc1M9UybWVnYuEzJQJlAq6neF5rbnVhe9_6oLH2S29hP6IEKy2E7BpCLDg&_nc_zt=14&_nc_ht=scontent-yyz1-1.xx&_nc_gid=qCpowFOKCzme7PAXiFpzMA&_nc_ss=7f2a8&oh=00_AQB2Z-K5zeotniKSOg35MSVtER8_xPmH2m9kSVj-TPJ32A&oe=6A5E8CF7
2026-07-16,vu,"Location 4 et demi Plateau, pet friendly",Le Plateau-Mont-Royal,"n/d (Montréal, QC)",2150,n/d,2,n/d,n/d,n/d,n/d,Marketplace,https://www.facebook.com/marketplace/item/880670661257255,2,"Annonce titre seulement (prix affiché entre 2150$ et 2350$), description non disponible via le scraper, animaux acceptés. Lien Facebook (connexion requise)",https://scontent-yyz1-1.xx.fbcdn.net/v/t39.84726-6/739200097_2136278627323814_3520943268052786943_n.jpg?stp=c90.0.540.540a_dst-jpg_p180x540_tt6&_nc_cat=103&ccb=1-7&_nc_sid=92e707&_nc_ohc=gPcahdqySPYQ7kNvwGsYlqA&_nc_oc=Adr3EDMhZojMTr_b6P1fzAVXVarO60w-XBK6dTJaEUmqMft4FzmSbchZ5AfV6DC3Usw&_nc_zt=14&_nc_ht=scontent-yyz1-1.xx&_nc_gid=qCpowFOKCzme7PAXiFpzMA&_nc_ss=7f2a8&oh=00_AQBgwOGHm1ihFR3tvhrAE6VDaZym-txS_aF6xIBAwy5A1Q&oe=6A5EA1A8
2026-07-16,vu,5 1/2 Rosemont avec cour privée,Rosemont-La Petite-Patrie,"n/d (Montréal, QC)",2215,n/d,2,n/d,n/d,n/d,n/d,Marketplace,https://www.facebook.com/marketplace/item/1493110625829174,2,"Annonce titre seulement, description non disponible via le scraper ; cour privée mentionnée. Lien Facebook (connexion requise)",https://scontent-yyz1-1.xx.fbcdn.net/v/t45.5328-4/730530074_1035539099460685_3801485303896565628_n.jpg?stp=c313.0.540.540a_dst-jpg_p180x540_tt6&_nc_cat=110&ccb=1-7&_nc_sid=247b10&_nc_ohc=_9b7saLCWEUQ7kNvwHrw_2v&_nc_oc=AdoqEj5UFxI4lgfrZP0kbf8mdi_MJO6fIO-zv3fvQ5DsX656NtR6Rf8AiVxw-oho-l4&_nc_zt=23&_nc_ht=scontent-yyz1-1.xx&_nc_gid=qCpowFOKCzme7PAXiFpzMA&_nc_ss=7f2a8&oh=00_AQDqhmwAH6WdMqAuOtshO7wqRdBG7RkedN25_yaUpz5ikg&oe=6A5EB662
